question,answer,precision,dpr_answer,rank,filtered_rank,other_dates
when did Tommy Dorsey marry Patricia?,1943-01-01,year,"Tommy Dorsey New Jersey. They divorced in 1943 after Dorsey's affair with his former singer Edythe Wright. He then wed movie actress Patricia Dane in 1943, and they were divorced in 1947, but not before he gained headlines for striking actor Jon Hall when Hall embraced her. Finally, Dorsey married Jane Carl New on March 27, 1948, in Atlanta, Georgia. She had been a dancer at the Copacabana nightclub in New York City. Tommy and Jane Dorsey had two children, Catherine Susan and Steve. On November 26, 1956, Dorsey died a week after his 51st birthday in his Greenwich, Connecticut home. He",1,1,"1956-11-26,1947-07-01,1948-03-27,2022-06-29"
when did Edward Everett Hale marry Emily Baldwin?,1852-01-01,year,"Edward Everett Hale Unity in Worcester, Massachusetts. Hale married Emily Baldwin Perkins in 1852; she was the niece of Connecticut Governor and U.S. Senator Roger Sherman Baldwin and Emily Pitkin Perkins Baldwin on her father's side and Lyman Beecher, Harriet Beecher Stowe and Henry Ward Beecher on her mother's side. They had nine children: Alexander, b & d 1853; Ellen Day, 1854–1939; Arthur, 1859–1939;Charles Alexander, 1861–1867; Edward Everett, Jr., 1863–1932; Philip Leslie Hale, 1865–1931; Herbert Dudley, 1866–1908; Henry Kidder, 1868–1876; Robert Beverly, 1869–1895. Hale left the Unity Church in 1856 to become pastor at the South Congregational Church, Boston, where he served until",1,1,"1856-07-01,1853-07-01"
when did Denys Rhodes marry Margaret?,1950-07-31,day,"Denys Rhodes Rhodes. Rhodes served in the Second World War with the Rifle Brigade, fighting in North Africa and Italy. He was married twice. His first marriage was to actress Rachel Gurney in 1946. The couple had a daughter, Sharon Gurney, and divorced in 1950. His second marriage was on 31 July 1950 to The Honourable Margaret Elphinstone (1925–2016), a first cousin of Elizabeth II. Princess Margaret served as a bridesmaid. The couple had four children and one grandson: After his second marriage, Rhodes lived and wrote at Uplowman House at Uplowman in Devon, until inoperable lung cancer led to a move",24,1,"1946-07-01,1950-07-01"
when did Ronald Tree marry Marietta Peabody?,1947-01-01,year,"Ronald Tree improved, notably including covering the road with turf. The last weekend Churchill attended Ditchley as his official residence was Tree's birthday on 26 September 1942. Churchill's last visit was for lunch in 1943. Churchill gave Tree a job in the Ministry of Information, where he met a married American co-worker Marietta Peabody FitzGerald and began a romantic relationship. Although Tree was bisexual and twenty years older than Marietta, at the end of World War II, Tree and Peabody divorced their respective spouses, and then married on 26 July 1947; they had one child, Penelope (born 1949), who became a celebrated",3,1,"1942-09-26,1949-07-01,1943-07-01"
"when did Francis Jeune, 1st Baron St Helier marry Mary Jeune, Baroness St?",1881-08-17,day,"Francis Jeune, 1st Baron St Helier Bath (KCB). Five years later he was promoted to a Knight Grand Cross of the order (GCB) in the 1902 Coronation Honours list published on 26 June 1902, and was invested by King Edward VII at Buckingham Palace on 8 August 1902. In February 1905, he was granted an annuity of £3,500 and raised to the peerage as Baron St Helier of St Helier in the Island of Jersey and of Arlington Manor in the County of Berkshire. On 17 August 1881, Lord St Helier married Susan Mary Elizabeth Stanley, the recently widowed daughter of Keith William Stewart-Mackenzie and Hannah",1,1,"1902-08-08,1905-02-01,1902-07-01,1902-06-26"
when did Gustavus von Tempsky marry Emelia Ross?,1855-07-09,day,"Gustavus von Tempsky new California goldfields, but did not strike gold. In 1853, he returned to the Prussian colony, via Mexico, Guatemala, and Salvador, and later wrote a book, Mitla, about his journey. He had been courting Emelia Ross Bell, the elder daughter of the British government agent from Scotland, James Stanislaus Bell, at the nearby British settlement of Bluefields (or Blewfields) before he left, but her father did not approve, probably because of his youth and lack of prospects. After his return, on 9 July 1855 at Bluefields, he married Emelia. In 1858 a son, Louis von Tempski, was born in Glasgow,",1,1,"1858-07-01,1853-07-01"
when did Carmen Llywelyn marry Jason?,1995-07-01,month,"Carmen Llywelyn Lee, then a professional skateboarder. In 1995, the couple was married in a ceremony presided over by actor Bodhi Elfman. In March 2001, the couple lived together in Southern California. Llywelyn and Lee obtained a divorce in 2001. Lee stated of their separation, Our breakup had nothing to do with Hollywood or my career. Llywelyn entered a long-term relationship in 2003 and the couple became parents of twins in 2004. As of 2015, the family lived together in Atlanta. Llywelyn was introduced to the Church of Scientology by her then-partner Jason Lee. According to Llywelyn, her resistance to becoming more",1,1,"2003-07-01,2001-07-01,2004-07-01,2015-07-01,2001-03-01"
when did Jeri Kehn Thompson marry Fred?,2002-01-01,year,"Jeri Kehn Thompson up in Naperville, Illinois, with her mother Vicki, stepfather Ron Keller, and a younger sister. She graduated with a degree in English literature from Indiana's DePauw University in 1988 and was a member of the Pi Beta Phi sorority. Jeri Kehn and Fred Thompson first met on July 4, 1996, while both were in the checkout line at a Kroger supermarket. They were married on June 29, 2002, at First Congregational United Church of Christ in Naperville. It was her first marriage and Fred Thompson's second. On September 27, 2003, she gave birth to a daughter, Hayden. A second child,",1,1,"2003-09-27,1996-07-04,1988-07-01"
when did Nicole Richie marry Joel?,2010-01-01,year,"Nicole Richie to People magazine for $1 million. The couple confirmed their engagement in February 2010, and married on December 11, 2010. Because of Madden's commitments to The Voice Australia, Richie re-located to Sydney with her husband and children in 2012. Actress Cameron Diaz, married to Madden's brother Benji, is Richie's sister-in-law. In early 2006, Richie was notably thinner compared to her previous appearance in the first two seasons of The Simple Life. In May she told Vanity Fair, I know I'm too thin right now, so I wouldn't want any young girl looking at me and saying, 'That's what I want",3,1,2012-07-01
when did Dorothy Malone marry Robert?,1969-01-01,year,"Dorothy Malone on April 3, 1969, at the Silver Bells Wedding Chapel in Las Vegas, Nevada. Her second marriage was later annulled after Malone claimed that Tomarkin married her because of her money. She married Dallas motel chain executive Charles Huston Bell on October 2, 1971, but they divorced after three years. Circa 1971, Malone moved her daughters from Southern California to suburban Dallas, Texas, where she herself had been raised. Malone died on January 19, 2018, ten days before her 94th birthday, at a nursing facility in Dallas. Malone has a star on the Hollywood Walk of Fame at 1718 Vine",2,1,"2022-06-26,1971-07-01,1971-10-02,2019-07-06,2018-01-19"
when did Maricar Reyes marry Richard?,2013-01-01,year,"Maricar Reyes Reyes became a born-again Christian and attended Victory Christian Fellowship, where she met singer Richard Poon, with whom she had a relationship since 2012. In April 2013, Poon confirmed that he and Reyes had been engaged. They married on June 9, 2013 in a private Christian wedding. Maricar Reyes Maricar Reyes-Poon (born Maricar Concepcion Pozon Reyes; June 20, 1981), is a Filipino actress of Mindanao descent. Reyes was born in Cagayan de Oro City, Philippines. She graduated high school from St. Bridget's School in Quezon City. She finished her Bachelor of Science Degree in Biology at the Ateneo de Manila",95,1,"2012-07-01,1981-06-20"
when did Geoffrey Robertson marry Kathy?,1990-01-01,year,"Geoffrey Robertson with First-Class Honours in 1970, before winning a Rhodes Scholarship to study at the University of Oxford, where he graduated with a Bachelor of Civil Law from University College, Oxford in 1972. In 2006 he was awarded an honorary degree of Doctor of Laws by the University of Sydney. In 1990, Robertson married the author Kathy Lette, and they lived together in London with their children until their separation in 2017. They had met in 1988 during the filming of an episode of Hypothetical for ABC Television; Robertson was dating Nigella Lawson at the time and Lette was married to",1,1,"1988-07-01,1972-07-01,2017-07-01,1970-07-01,2006-07-01"
when did Aimee Mullins marry Rupert?,2016-01-01,year,"Aimee Mullins Things with Winona Ryder. She appeared on The Colbert Report on April 15, 2010, and declared having 12 pairs of prosthetic legs, with some in museums. Mullins began dating English actor Rupert Friend in 2013. They became engaged in May 2014, and married on May 1, 2016. Mullins has been featured in the following books: In 2017, she was inducted into the National Women's Hall of Fame. On May 4, 2018, she received an honorary degree and gave the commencement address at Northeastern University in Boston, MA. Aimee Mullins Aimee Mullins (born July 20, 1975) is an American athlete, actress,",1,1,"2013-07-01,2018-05-04,2010-04-15,2014-05-01,1975-07-20,2017-07-01"
when did Julian Marchlewski marry Rosa?,1893-01-01,year,"Julian Marchlewski Street was formerly called Marchlewski Street. Julian Marchlewski Julian Baltazar Marchlewski (17 May 1866 – 22 March 1925) was a Polish communist politician. He was also known under the aliases Karski and Kujawiak. Julian Marchlewski was born in Włocławek into a Polish family. In 1889 he co-founded the Polish Workers' Union. In 1893 he co-founded the Social Democratic Party of the Kingdom of Poland and Lithuania with Rosa Luxemburg. He took part in the Russian Revolution of 1905 in the Polish territories. In 1906, he joined the Bolsheviks. After the failure of the revolution he emigrated to Germany. During World",41,1,"1866-05-17,1925-03-22,1889-07-01,1906-07-01,1905-07-01"
when did Lisa Hartman Black marry Clint?,1991-01-01,year,"Lisa Hartman Black My Heart Stops has already been reissued on CD on Wounded Bird Records. In May 2012, Hartman starred in  a movie from Twentieth Century Fox Home Entertainment. She plays the mother of a budding equestrian rider (Kacey Rohl). In 2005, Hartman starred in a made-for-TV film, Back to You and Me, on the Hallmark channel. Hartman grew up in Houston, Texas. In 1991, she married musician Clint Black; and, in 2001, the couple had a daughter, Lily Pearl Black. They have lived in Nashville, Tennessee since 2002 after living in Laurel Canyon, Los Angeles, California. Lisa Hartman Black Lisa",1,1,"2012-05-01,2001-07-01,2002-07-01,2005-07-01"
when did Katharine Hepburn marry Ludlow Ogden?,1928-12-12,day,"Katharine Hepburn Smith, a socialite-businessman from Philadelphia whom she met while a student at Bryn Mawr. The couple wed on December 12, 1928, when she was 21 and he was 29. Smith changed his name to S. Ogden Ludlow at her behest so that she would not be Kate Smith, which she considered too plain. She never fully committed to the marriage and prioritized her career. The move to Hollywood in 1932 cemented the couple's estrangement, and in 1934, she traveled to Mexico to get a quick divorce. Hepburn often expressed her gratitude toward Smith for his financial and moral support in",1,1,"1932-07-01,2021-07-01,2029-07-01,1934-07-01"
when did Jane Ridley marry Stephen Francis?,1986-01-01,year,"Jane Ridley The Spectator, A. N. Wilson called it profoundly learned and a cracking good read and gave his opinion that After this irreverent new life of Edward VII, royal biography will never be the same again. In 1986, Ridley married Stephen Francis Thomas, a writer, the younger son of Sir William James Cooper Thomas, 2nd Baronet, by his marriage to Freida Dunbar Whyte. They have two sons, Toby (born 1988) and Humphrey (born 1991). Ridley is a member of the committee of the London Library and lives in Dorset Square, Marylebone. Jane Ridley Jane Ridley (born 15 May 1953) is an",23,1,"1953-05-15,1991-07-01,1988-07-01"
when did Betty Clooney marry Pupi?,1955-01-01,year,"Betty Clooney White Christmas (1954) with Rosemary for Columbia's single release, in the movie Vera-Ellen's singing voice was dubbed by singer Trudy Stevens. Not one to really seek fame, she subsequently retired from showbiz to raise her family appearing only sporadically on television until her death. She married Cuban actor and singer Pupi Campo on September 7, 1955 at St Patrick's Cathedral in New York City, New York. They had four children: Cathi Ann (born 1957 Miami Beach, Florida), Carlos Alejandro Campo (born September 5, 1958 in Miami Beach, Florida), Cristina Maria (born 1960) and Rosemary Cari (born 1962). The union ended",11,1,"1954-07-01,1962-07-01,1957-07-01,1958-09-05,1960-07-01"
when did Nina Grieg marry Edvard?,1867-06-11,day,"Nina Grieg professionally, but two amateur recordings made on wax cylinders have been preserved (in quite poor condition) and have been issued on the Simax label. She married her first cousin, Norwegian composer Edvard Grieg, on 11 June 1867, in Copenhagen, Denmark. Nina and Edvard identified as Unitarians. After his death in 1907, she moved to Denmark. In Copenhagen, she attended a Unitarian church. She died in 1935 at the age of 90. She was cremated and her ashes were placed with her husband's' ashes in a mountain tomb near Troldhaugen. Nina Grieg Nina Grieg, née Hagerup (24 November 1845 – 9",2,1,"1935-07-01,1845-11-24,1907-07-01"
when did Georges Marchal marry Dany?,1951-01-01,year,"Georges Marchal Georges Marchal Georges Marchal (10 January 1920 – 28 November 1997) was a French actor. Born Georges Louis Lucot in Nancy, Meurthe-et-Moselle, France, the strikingly handsome Marchal was discovered in the early-1940s by director Jean Grémillon. By the early 1950s, he had become one of the top male stars of French cinema, second only, perhaps, to actor Jean Marais. He was also a favorite leading man of filmmaker Luis Buñuel, appearing in the director's films La voie lactée, Belle de jour, Cela s'appelle l'aurore, and La mort en ce jardin. In 1951, Marchal married French actress Dany Robin and together",3,1,"1997-11-28,1920-01-10"
when did Sergei Ponomarenko marry Marina?,1984-09-01,month,"Sergei Ponomarenko have won Olympic medals in three different colors. They won the bronze medal in 1984 Sarajevo, the silver medal in 1988 Calgary for the Soviet Union and the gold medal in 1992 Albertville for the Unified Team. Klimova and Ponomarenko were inducted into the World Figure Skating Hall of Fame in 2000. Ponomarenko is an ISU technical specialist for Russia. He and his wife coach young figure skaters at Sharks Ice at San Jose, California. Klimova and Ponomarenko married in September 1984. They now reside in the United States in Morgan Hill, California. They have two sons, Tim Ponomarenko, born",23,1,"2000-07-01,1988-07-01,1984-07-01,1992-07-01"
when did Lisa Marie Presley marry Nicolas?,2002-08-10,day,"Lisa Marie Presley an attempt to reconcile, and that she had traveled to different parts of the world in order to be with him. Presley was engaged in 2000 to rocker John Oszajca. She broke off the engagement after meeting Nicolas Cage at a party. Presley's third marriage was to Cage. They were married on August 10, 2002. Cage filed for divorce after 108 days of marriage, on November 25, 2002, and the divorce was finalized in 2004. The divorce proceeding lasted longer than the marriage. Presley married for a fourth time on January 22, 2006, to Michael Lockwood, her guitarist, music producer",3,1,"2000-07-01,2004-07-01,2006-01-22,2002-11-25,2022-03-20"
when did Merton Beckwith-Smith marry Honor Dorothy?,1918-03-14,day,"Merton Beckwith-Smith 1942 Merton Beckwith-Smith died at Karenko Camp of diphtheria as a prisoner of war. In 1946 the Imperial War Graves Commission (now the Commonwealth War Graves Commission) exhumed all the Taiwan prisoner of war remains and reburied them in the Sai Wan War Cemetery in Hong Kong. Many years later his grave was identified by Jack Edwards on the request of Diana, Princess of Wales. Beckwith-Smith married Honor Dorothy Leigh on 14 March 1918. He lived at The Manor House, Stratton Audley and Aberarder, Inverness. He had four children: Peter, Rosemary, Sarah and John. Merton Beckwith-Smith Major General Merton Beckwith-Smith,",1,1,"1946-07-01,1942-07-01"
when did Constance Adams DeMille marry Cecil B.?,1902-01-01,year,"Constance Adams DeMille to January 1906. She appeared in only one film, playing the part of 'Mrs. Rowland' in Where the Trail Divides(1914). In 1920 while still associated with Famous Players-Lasky, her husband formed his own new company Cecil B. DeMille Productions with his lawyer, Constance and his sister in law Ella King Adams who also worked as his script reader. While performing, she met and later married Cecil Blount DeMille. Their wedding took place at noon, on August 16, 1902, at her parents home 77 Washington Street, East Orange, New Jersey. The bride's sister Rebecca Appleton Adams was her Maid of Honor.",1,1,"1920-07-01,1906-01-01"
when did Lance Reventlow marry Cheryl?,1964-11-01,month,"Lance Reventlow seconds. On March 24, 1960, Reventlow married actress Jill St. John in San Francisco. They separated in October 1962. St. John filed for divorce on October 2, 1963, citing extreme cruelty; she stated that Reventlow called her stupid and incompetent in front of others and bullied her into taking part in dangerous sports. Their divorce was granted on October 30, 1963. On November 6, 1964, Reventlow married ex-Mouseketeer Cheryl Holdridge in a lavish ceremony in Hollywood before 600 guests. Reventlow's mother, Barbara Hutton, could not attend the wedding because of illness but gifted the couple with a $500,000, five-bedroom home",1,1,"1962-10-01,1963-10-02,1963-10-30,1960-03-24"
when did Helen Allingham marry William?,1874-01-01,year,"Helen Allingham Fine Art. While Vincent Van Gogh was developing as an artist by studying English illustrated journals he was struck by Paterson's work in The Graphic. Although females could not gain the same recognition as men at this point in history, it shows that women made a massive impact in art for centuries as artists like Van Gogh needed influences such as her works in order to grow into the artist he became. On 22 August 1874 she married William Allingham, Irish poet and editor of Fraser's Magazine, who was almost twice her age. After her marriage she gave up her",26,1,
when did Gretchen Egolf marry Adam?,2013-01-01,year,"Gretchen Egolf Tristan Egolf. Her younger half-brother is American/British musician Siegfried Faith. Egolf was married to actor Mason Phillips in 1999. The couple divorced a few years later. She married British artist Adam Chodzko in 2013 and now lives and works in both the US and UK. Gretchen Egolf Gretchen Egolf (born 9 September 1973) is an American theater, film and television actress. Gretchen Egolf is most known for her various television roles, including Journeyman  (NBC, 2007), Roswell (WB, 2000), and  (NBC, 2009-2012), among others, and the TV movies The Two Mr. Kissels (Lifetime 2008) and Gleason (CBS, 2002). Her",1,1,"2000-07-01,2002-07-01,1973-09-09,1999-07-01,2007-07-01,2008-07-01"
when did Alyona Khmelnitskaya marry Tigran?,1993-01-01,year,"Alyona Khmelnitskaya graduating in 1992. Graduates of the same course were Gosha Kutsenko and Vyacheslav Razbegaev. In 1990-1994 she played Konchita in the play Juno and Avos at the Lenkom. Alyona Khmelnitskaya's main performance was in the role of Leoncia Solano in the Russian-Ukrainian adventure feature film directed by Vladimir Popkov, Hearts of Three (1992), based on Jack London's novel of the same name. In 1993, she married film director Tigran Keosayan. In a marriage that lasted twenty-one years, two daughters were born. The couple divorced in 2014, and after the divorce they maintained friendly relations. Alyona Khmelnitskaya Alyona Aleksandrovna Khmelnitskaya (;",6,1,"2014-07-01,1992-07-01"
when did Muhammad Ali marry Yolanda?,1986-11-19,day,"Muhammad Ali another daughter, Miya (born 1972), from an extramarital relationship with Patricia Harvell. By the summer of 1977, his second marriage was over and he had married Porché. At the time of their marriage, they had a baby girl, Hana, and Veronica was pregnant with their second child. Their second daughter, Laila Ali, was born in December 1977. By 1986, Ali and Porché were divorced. On November 19, 1986, Ali married Yolanda (Lonnie) Williams. They had been friends since 1964 in Louisville. Together they adopted a son, Asaad Amin, when Amin was five months old. Kiiursti Mensah-Ali claims to be Ali's",3,1,"1972-07-01,1977-12-01,1964-07-01,1986-07-01"
when did Shirley Jones marry Jack?,1956-01-01,year,"Shirley Jones In mid-2012, Jones played Mrs. Paroo, when her son Patrick played Harold Hill, in a California Musical Theatre revival of The Music Man. In 2014, Jones guest-starred on an episode of General Hospital as Mrs. McClain. On August 5, 1956, Jones married actor and singer Jack Cassidy, with whom she had three sons, Shaun, Patrick, and Ryan. David Cassidy, Jack's only child from his first marriage to actress Evelyn Ward, became her stepson. Divorcing Cassidy in 1974, she later married actor and comedian Marty Ingels on November 13, 1977. Despite drastically different personalities and several separations (she filed, then withdrew,",3,1,"1974-07-01,2014-07-01,1977-11-13"
when did Ed Solomon marry Cynthia?,1995-01-01,year,"Ed Solomon Bogus Journey (with Chris Matheson) (the 1980s), Men in Black (1990s), Charlie's Angels (2000s) and X-Men (uncredited - 2000s), and Now You See Me (2010s). In March 2016 he completed production on Mosaic, a 12-hour long-form TV project for HBO in collaboration with director Steven Soderbergh, and is currently working on The Invisible Man for Universal Studios and Johnny Depp. He married Cynthia Cleese, daughter of Connie Booth and John Cleese, in 1995. Ed Solomon Edward James Solomon (born September 15, 1960) is an American writer, producer and director. Solomon began his career in college as a joke writer, stand",2,1,"2022-07-06,1960-09-15,2016-03-01"
when did Yoram Taharlev marry Nurit?,1963-01-01,year,"Yoram Taharlev majors at Tel Aviv University. In August 1963, they married. They had two daughters, artist Roni Taharlev and Arela. At the beginning, Taharlev and Zarchi lived in kibbutz Yagur, where their eldest daughter Roni was born, but later moved to Petah Tikva and from there to Rishon LeZion and eventually to Tel Aviv. After thirteen years of marriage, they separated. In 1978, Taharlev then married Linda, a United States citizen. They gave birth to a son, Daniel, and a daughter, Michal. Linda passed away in 2011. Taharlev resides in Tel Aviv. Taharlev and Batia Keinan, ex-spokesperson for the president Ezer",20,1,"2011-07-01,1978-07-01"
when did Peter Overton marry Jessica?,2004-01-01,year,"Peter Overton up in Longueville, a suburb on the Lower North Shore of Sydney. He went to Lane Cove Public School and North Sydney Boys High School. He graduated with a Bachelor of Economics from Macquarie University. His father, Dr John Overton, was an Associate Professor of Anaesthesia at the University of Sydney and worked at the Children's Hospital at Westmead. In the mid-1990s, Overton married his childhood sweetheart, but their marriage ended in divorce in 2000. In mid-2001, Overton began dating then Ten News presenter, Jessica Rowe. Overton and Rowe married in 2004 and have two daughters. Overton is a patron",1,1,2000-07-01
when did Jason Sehorn marry Angie?,2001-01-01,year,"Jason Sehorn and Saturday night games on ESPNU. Sehorn was married to former CNN correspondent Whitney Casey. His marriage to actress Angie Harmon is well known due to his unusual and public proposal. During one of Harmon's appearances on The Tonight Show with Jay Leno, Sehorn (with the assistance of host Jay Leno) hid backstage and surprised Harmon by getting on one knee and asking for her hand in marriage in front of a live studio audience and millions more watching on television. They married in 2001 and have three daughters: Finley Faith, born October 2003, Avery Grace, born June 2005, and",1,1,"2005-06-01,2003-10-01"
when did Ralph Bernal Osborne marry Catherine Isabella?,1844-08-20,day,"Ralph Bernal Osborne County Tipperary, Munster, Ireland, was surrounded by more than of land. On 20 August 1844 he married Catherine Isabella Osborne (30 June 1819 – 20 June 1880), from an Anglo-Irish landed family, the daughter of Sir Thomas Osborne, 9th Baronet and Catherine Rebecca Smith, and on the same day he took her name and his name was legally changed by Royal Licence, becoming Ralph Bernal Osborne. His two daughters shared his estate. His older daughter, Edith Bernal Osborne, married at Slough, Ireland, on 7 February 1874 Sir Henry Arthur Blake. His younger daughter, Grace Bernal Osborne (d. London, 18 November",3,1,"1874-02-07,2018-11-01,1819-06-30"
when did Allene Tew marry Prince Heinrich XXXIII Reuss of?,1929-04-10,day,"Allene Tew the Upper East Side, in a townhouse designed by architect C. P. H. Gilbert (1861-1952). In Paris, they resided at 4 Rue d'Aguesseau in the 8th arrondissement. Her fourth husband was Prince Heinrich XXXIII Reuss of Köstritz (1879-1942), whom she married on April 10, 1929 in Paris. They divorced on October 31, 1935. Her fifth husband was Captain Count Pavel Kotzbue (1884-1966), whom she married on March 4, 1936 in Geneva, Switzerland. He was born 20 February 1884 in Kremenetz, and died in Paris on 13 September 1966. It was his first marriage. She negotiated on behalf of Prince Bernhard",2,1,"1966-09-13,1936-03-04,1935-10-31,1884-02-20"
when did Winnaretta Singer marry Prince Edmond de?,1893-01-01,year,"Winnaretta Singer a wedding night that reportedly included the bride's climbing atop an armoire and threatening to kill the groom if he came near her. In 1893, at the age of 29, she stepped companionably into an equally chaste marriage with the 59-year-old Prince Edmond de Polignac (1834-1901), a gay amateur composer. Although it was a mariage blanc (unconsummated marriage), or indeed a lavender marriage (a union between a gay man and a lesbian), it was based on profound love, mutual respect, understanding, and artistic friendship, expressed especially through their love of music. The same year Singer exhibited her work at the",5,1,
when did Edward Bolitho marry Alexandra?,1979-01-01,year,"Edward Bolitho Lord Lieutenant of Cornwall. After Eton, he went up to Pembroke College, Cambridge, but returned to Cornwall in 1998 after a career in the Army. In 1979, Bolitho married Alexandra, younger daughter of Sir Morgan Morgan-Giles, and the couple have three children, twin daughters and a son; all are enthusiastic Cornish Pirates supporters. Bolitho joined the Grenadier Guards in 1978, serving with the regiment for 20 years. He commanded the 1st Battalion between 1993 and 1995 during which time he was appointed as OBE. On returning to Cornwall, Bolitho took over the management of Bolitho Estates, a family-owned business which",92,1,"1998-07-01,2002-07-06,1978-07-01"
when did Igor Ashmanov marry Natalya?,2001-01-01,year,"Igor Ashmanov Troops and the Military Academy of the General Staff of the Armed Forces, where he delivers lectures on big data, social networks, and information warfare. Since June 2012, he is co-chair in the Russian Great Fatherland Party. Igor Ashmanov is of Eastern Orthodox Christian faith. His interests include painting, ceramics, alpine skiing, and snowboarding. First wife, Nina Vsevolodovna Russova, is a linguist and co-author of some of his papers. Ashmanov has two children, Stanislav and Olga, from his first marriage, as well as a stepson Vsevolod Russov. Second wife (since 2001) is Natalya Kaspersky, IT entrepreneur and first wife of",39,1,2012-06-01
when did Manisha Koirala marry Samrat?,2010-01-01,year,"Manisha Koirala one of the segments directed by Dibakar Banerji. She will next star in AR Rahman's romantic musical 99 Songs, and will also be seen in the Telugu remake of the political thriller Prasthanam, in which she will play Sanjay Dutt's wife. These are expected to release in 2019. On 19 June 2010, Koirala married Samrat Dahal, a Nepali businessman, in a traditional ceremony held in Kathmandu. The couple spent their honeymoon in Finland. They met through the online social networking website Facebook. The couple divorced in 2012. On 29 November 2012, media news reported that Koirala had been diagnosed with",1,1,"2012-07-01,2012-11-29,2019-07-01"
when did Carlo Rota marry Nazneen?,2010-01-01,year,"Carlo Rota Reelz Channel. He married 24 actress Nazneen Contractor on 1 April 2010. In 2013, he was announced as the new host of Recipe to Riches, a Canadian reality show. He provided the voice and motion-capture performance for Majid Sadiq, leader of The Engineers and the main antagonist in . In 2014, he recurred as Ivan on the hit ABC television show Scandal. In 2014, he began co-starring in Jane the Virgin as Emilio Solano. In 2017, he played in Ransom as Damian Delaine. He resumed that role for his second season in 2018. Also in 2018, Rota hosted and narrated",48,1,"2014-07-01,2018-07-01,2013-07-01,2017-07-01"
when did Roland Petit marry Zizi?,1954-01-01,year,"Roland Petit film Alice in Wonderland, The Glass Slipper in 1954, Anything Goes (with others)in 1956, and Black Tights as choreographer, writer, and dancer in 1960. In 1994, he was awarded the Prix Benois de la Danse as choreographer. In 1954, Petit married the dancer Zizi Jeanmaire, who performed in a number of his works. His memoirs were published in 1993 under the title J'ai dansé sur les flots (English: I Danced on the Waves). He and Jeanmaire had one daughter, Valentine Petit, a dancer and actress. Petit died in Geneva, Switzerland, aged 87, of leukemia. During his career, Petit choreographed 176",4,1,"1993-07-01,1956-07-01,1987-07-01,1994-07-01,1960-07-01"
when did Edgar Rice Burroughs marry Florence?,1935-01-01,year,"Edgar Rice Burroughs (1913–1979), later known for his illustrations of his father's books. In the 1920s, Burroughs became a pilot, purchased a Security Airster S-1, and encouraged his family to learn to fly. Daughter Joan married Tarzan film actor, James Pierce, starring with her husband, as the voice of Jane, during 1932-34 for the Tarzan radio series. The pair were wed for more than forty years, until her death, in 1972. Burroughs divorced Emma in 1934 and, in 1935, married the former actress Florence Gilbert Dearholt, who was the former wife of his friend (who was then remarrying himself), Ashton Dearholt, with whom",1,1,"1972-07-01,2022-07-06,1934-07-01"
when did Oliver Reed marry Josephine?,1985-01-01,year,"Oliver Reed in 1969. While filming his part of Bill Sikes in Oliver!, he met Jacquie Daryl, a classically trained dancer who was also in the film. They became lovers and subsequently had a daughter, Sarah. In 1985, he married Josephine Burge, to whom he was still married at the time of his death. She was 16 years old when they met, he was 42. In his last years, Reed and Burge lived in Churchtown, County Cork, Ireland. In 1964 Reed's face was cut in a bar fight. He received 63 stitches and was in danger of losing his film career due",1,1,"1969-07-01,1964-07-01,2042-07-01"
when did Cassandra Harris marry Pierce?,1980-01-01,year,"Cassandra Harris filming this movie, her third husband, Pierce Brosnan, met producer Albert R. Broccoli, which eventually led to his casting as James Bond in four films. She guest starred in several episodes of the television series Remington Steele with her husband Brosnan; they married on 27 December 1980. She had three children: Charlotte Harris (1971–2013) and Christopher (born 1972) by Dermot Harris, brother of actor Richard Harris, and son Sean Brosnan (b. 1983), by Brosnan, who adopted Charlotte and Christopher after their father died in 1986. In 1987 Cassandra Harris was diagnosed with ovarian cancer, the same disease that had claimed",1,1,"1972-07-01,1986-07-01,1983-07-06,1987-07-01"
when did George O\'Hanlon marry Martha?,1949-01-01,year,"George O'Hanlon to cast The Jetsons. He once said: George Jetson is an average man, he has trouble with his boss, he has problems with his kids, and so on. The only difference is that he lives in the next century. O'Hanlon was married three times; he was first married to Inez Witt from 1932 to 1948. After divorcing from Witt, he later married actress Martha Stewart in 1949, they divorced in 1952 after three years of marriage. In 1953, O'Hanlon married Nancy Owens, a fellow actress, and they had two children (actor George O'Hanlon, Jr., and daughter Laurie O'Hanlon, a registered",7,1,"1932-07-01,1952-07-01,1948-07-01,1953-07-01,2019-07-06"
when did Muriel Box marry Sydney?,1935-01-01,year,"Muriel Box Muriel Box Muriel Box (22 September 1905 – 18 May 1991) was an English screenwriter and director. She was born Violette Muriel Baker in Tolworth, Surrey, England in 1905. When her attempts at acting and dancing proved to be unsuccessful, she accepted work as a continuity girl for British International Pictures. In 1935, she met and married journalist Sydney Box, with whom she collaborated on nearly forty plays with mainly female roles for amateur theatre groups. Their production company, Verity Films, first released short wartime propaganda films, including The English Inn (1941), her first directing effort, after which it branched",6,1,"1905-09-22,1991-07-01,1941-07-01,1905-07-01"
when did Charlie Hunnam marry Katharine?,1999-01-01,year,"Charlie Hunnam a screenplay based on a 2011 Rolling Stone article that he optioned about Edgar Valdez Villareal, an American drug lord who ran one of the biggest cartels in Mexico. Another project he has in development is a film about gypsy culture in Britain, which he hopes to direct. He stated that it is a part of English society that's really seldom been explored, but is one of the most colourful and interesting parts of British society. Hunnam met actress Katharine Towne in 1999 when they both auditioned for roles on Dawson's Creek. After dating for three weeks, they married in",69,1,"2022-06-15,2011-07-01"
"when did Leopold IV, Prince of Lippe marry Princess Bertha of?",1901-08-16,day,"Leopold IV, Prince of Lippe Princess Bertha of Hesse-Philippsthal-Barchfeld (1874–1919) on 16 August 1901 in Rotenburg. They had five children. He was married secondly to Princess Anna of Ysenburg and Büdingen (1886–1980) on 26 April 1922 at Büdingen. From this marriage he had one son. Leopold IV, Prince of Lippe Leopold IV, Prince of Lippe (Leopold Julius Bernhard Adalbert Otto Karl Gustav; 30 May 1871 – 30 December 1949) was the final sovereign of the Principality of Lippe. Succeeding to the throne in 1905 he had been governing the state since 1904 as regent. He was born as Count Leopold of Lippe-Biesterfeld in Oberkassel, the",1,1,"1949-07-01,1922-04-26,1871-05-30,1905-07-01,1904-07-01"
"when did Prince Alexandre of Belgium marry Princess Léa, Princess Alexandre of?",1991-03-14,day,"Prince Alexandre of Belgium a crash in front of his home. It has been suggested that the Belgian royal family controlled the official inquiry and avoided any further investigation or consequences. In Debenham, Suffolk, on 14 March 1991 Alexandre married Léa Inga Dora Wolman, who had been twice-divorced. The marriage was kept secret until 1998 because the Prince apparently feared his mother would disapprove. The initial secrecy surrounding this marriage has parallels with his father's wedding to his mother fifty years previously, in 1941. There had been some friction between the children of the first marriage of King Leopold III of Belgium and those",3,1,"1998-07-01,1941-07-01"
"when did Archduchess Maria Isabella, Countess of Trapani marry Prince Francis, Count of?",1850-04-10,day,"Archduchess Maria Isabella of Austria Spain, on 10 April 1850. Maria Isabella and Francis had six children: On 14 July 1901, Maria Isabella died in Lucerne, Switzerland. Archduchess Maria Isabella of Austria Archduchess Maria Isabella of Austria, Princess of Tuscany (21 May 1834 – 14 July 1901), was an Archduchess of Austria and Princess of Tuscany by birth and Countess of Trapani by marriage to her uncle Prince Francis, Count of Trapani. Maria Isabella was born in Florence, Grand Duchy of Tuscany, as the daughter of Leopold II, Grand Duke of Tuscany and his second wife, Princess Maria Antonia of Bourbon-Two Sicilies. Maria Isabella married",2,1,"1834-05-21,1901-07-14"
when did Cornelius Vanderbilt II marry Alice Claypoole?,1867-01-01,year,"Cornelius Vanderbilt II Country Club. On February 4, 1867, he married Alice Claypoole Gwynne (1845–1934), daughter of Abraham Evan Gwynne and Rachel Moore Flagg. The two met at St. Bartholomew's Episcopal Church where both taught Sunday School. Together, they had: A stroke in 1896 compelled him to reduce his active business involvement. He died of a cerebral hemorrhage on September 12, 1899 a few minutes after 6 o'clock AM, at his home, West Fifty-seventh Street, in Manhattan, New York City. On his death in 1899, family leadership passed to his first brother, William Kissam Vanderbilt. His philanthropy had been such that he did",27,1,"1899-09-12,1899-07-01,1896-07-01"
when did Dan Savage marry Terry?,2012-01-01,year,"Dan Savage for two seasons before its cancellation. Savage and his husband, Terry Miller, have one son named D.J., now in his 20s, whom they adopted as an infant. They were married in Vancouver, British Columbia, Canada in 2005. Following the 2012 legalization of same-sex marriage in Washington state, he and Miller were part of the first group of 11 couples to receive Washington state marriage licenses. Savage and Miller were married on December 9, 2012, at Seattle City Hall, opened on Sunday especially for the purpose of hosting the first same-sex weddings in Washington state, with Seattle Mayor Mike McGinn and",7,1,2005-07-01
"when did Walter Montagu Douglas Scott, 5th Duke of Buccleuch marry Charlotte Montagu Douglas Scott, Duchess of?",1829-08-13,day,"Walter Montagu Douglas Scott, 5th Duke of Buccleuch University of Glasgow, a post he held until his death in 1884. He joined the Canterbury Association on 20 May 1848. It was planned to build a town called Buccleuch in his honour near Alford Forest, but this did not eventuate. Buccleuch married Lady Charlotte Anne Thynne, daughter of Thomas Thynne, 2nd Marquess of Bath and the Honourable Isabella Elizabeth Byng, on 13 August 1829 at St George's church, Hanover Square, London. The couple had four sons and three daughters: King George IV spent some days in 1822 as the Duke's guest at Dalkeith Palace, the first visit of a",19,1,"1848-05-20,1884-07-01,1822-07-01"
when did Zhou Xun marry Archie?,2014-01-01,year,"Zhou Xun actress as a synthesis of young Coco Chanel and Ballet Troupe Zizi Jeanmaire. Zhou Xun married American actor Archie Kao on July 16, 2014 on stage after a charity event in Hangzhou, China. Zhou received Hong Kong citizenship under the Quality Migrant Admission Scheme. Zhou Xun Zhou Xun (, born 18 October 1974) is a Chinese actress and singer. She is regarded as one of the Four Dan Actresses of China. She gained international fame for her roles in Suzhou River (2000) and Balzac and the Little Chinese Seamstress (2002). Zhou has won Best Actress honors from Asian Film Awards,",8,1,"2000-07-01,1974-10-18,2002-07-01"
when did Josh Brolin marry Diane?,2004-08-15,day,"Josh Brolin her murdered mother, was the opening film at the first annual Union City International Film Festival in Union City, New Jersey in December 2010. Brolin was married to actress Alice Adair from 1988 until 1994; they have two children. He was engaged to actress Minnie Driver for six months. He married actress Diane Lane on August 15, 2004. Brolin and Lane divorced in 2013. In March 2015, Brolin became engaged to his former assistant and model Kathryn Boyd. The couple married on September 24, 2016 and announced on May 29, 2018 that they are expecting their first child together. Brolin",2,1,"2010-12-01,2013-07-01,2016-09-24,2018-05-29,2015-03-01,2022-01-06"
when did Kathryn Crosby marry Bing?,1957-01-01,year,"Kathryn Crosby but did have a featured role in the courtroom drama Anatomy of a Murder (1959). She also played the part of Mama Bear alongside her husband and children in Goldilocks and co-starred with Jack Lemmon in the comedy Operation Mad Ball (1957), with Tony Curtis in the drama Mister Cory (1957) and as a trapeze artist in The Big Circus (1959). In the mid-1970s, she hosted The Kathryn Crosby Show, a 30-minute local talk-show on KPIX-TV in San Francisco. Husband Bing appeared as a guest occasionally. Since Bing Crosby's death in 1977, she has taken on a few smaller roles",15,1,"1959-07-01,1977-07-01"
when did Bill Hudson marry Cindy?,1982-01-01,year,"Bill Hudson (singer) memoir, Two Versions: The Other Side of Fame and Family, in December 2011. Hudson married actress Goldie Hawn in 1976. Hudson filed for divorce in 1980 and it was finalized two years later. They have two children, Oliver (b 1976) and Kate (b 1979), who were raised by Hawn and Kurt Russell. Hudson would later accuse Hawn of wilfully alienating him from their children. Hudson married Cindy Williams, of Laverne & Shirley fame, in 1982. They have two children. That marriage ended in divorce in 2000. He also has a daughter born in 2006 to a long-term girlfriend. In 2018,",1,1,"2000-07-01,1980-07-01,2011-12-01,1976-07-01,2018-07-01,1976-07-06,1979-07-01,2006-07-01"
when did Joseph E. Stiglitz marry Anya?,2004-10-28,day,"Joseph Stiglitz by Foreign Policy magazine on its list of top global thinkers. In February 2012, he was awarded the Legion of Honor, in the rank of Officer, by the French ambassador in the United States François Delattre. Stiglitz was elected a Foreign Member of the Royal Society (ForMemRS) in 2009. Stiglitz was awarded the 2018 Sydney Peace Prize. Stiglitz married Jane Hannaway in 1978; the couple later divorced. He got married for the third time on October 28, 2004 to Anya Schiffrin, who works at the School of International and Public Affairs at Columbia University. He has four children, Siobhan, Michael,",5,1,"2018-07-01,2012-02-01,1978-07-01,2009-07-01"
when did Grover Cleveland marry Frances?,1886-06-02,day,"Grover Cleveland her mother's permission to correspond with her, and they were soon engaged to be married. On June 2, 1886, Cleveland married Frances Folsom in the Blue Room at the White House. He was the second president to wed while in office, and has been the only president married in the White House. This marriage was unusual, since Cleveland was the executor of Oscar Folsom's estate and had supervised Frances's upbringing after her father's death; nevertheless, the public took no exception to the match. At 21 years, Frances Folsom Cleveland was the youngest First Lady in history, and the public soon",2,1,2001-07-06
when did Ta-Tanisha marry Lee?,1971-01-01,year,"Ta-Tanisha '90s in the city. Currently Ta-Tanisha is part of the Repertory Dance Theater of Los Angeles and is part of a team that is conducting an after school performance program. Ta-Tanisha has also written a play about Biddy Mason, an enslaved African American woman who never learned to read or write; Miz Biddy. The play is currently in development. Since July 10, 1971, she has been married to actor Lee Weaver. They reside in the Bronx and have one child, Leis La-Te, a daughter. The Real Anger Was Backstage an article by Budd Schulberg published in Life Magazine Aug 21,",4,1,2021-08-01
when did Jean Medawar marry Peter?,1937-01-01,year,"Jean Medawar meaning of heuristic, which led to a continued tutorial and lasting friendship. Her family did not want her to marry him because Peter Medawar was of a Lebanese descent and was not financially well-to-do. Her mother asked her, What will you do if you have black babies? Her aunt described Medawar as having 'no background, no money', and eventually disinherited her. They were married on 27 February 1937. They had two sons, Charles and Alexander, and two daughters, Caroline and Louise. She devoted her time raising their children while her husband was committed to scientific research. Her husband won the",1,1,
when did Lisa Marie Presley marry Michael?,2006-01-22,day,"Lisa Marie Presley an attempt to reconcile, and that she had traveled to different parts of the world in order to be with him. Presley was engaged in 2000 to rocker John Oszajca. She broke off the engagement after meeting Nicolas Cage at a party. Presley's third marriage was to Cage. They were married on August 10, 2002. Cage filed for divorce after 108 days of marriage, on November 25, 2002, and the divorce was finalized in 2004. The divorce proceeding lasted longer than the marriage. Presley married for a fourth time on January 22, 2006, to Michael Lockwood, her guitarist, music producer",3,1,"2000-07-01,2002-08-10,2004-07-01,2002-11-25,2022-03-20"
"when did Sir Humphrey de Trafford, 4th Baronet marry Cynthia?",1917-10-02,day,"Sir Humphrey de Trafford, 4th Baronet Hilda Evelyn Cadogan, daughter of Henry Arthur Cadogan, Viscount Chelsea and the Hon. Mildred Cecilia Harriet Sturt, on 2 October 1917. They had four daughters: Trafford was an amateur rider and racehorse owner and a member of the Jockey Club and its National Hunt Committee. In 1926, he purchased the Newsells Park Estate, Barkway near Royston, Hertfordshire as a home for his family and established a stud farm there, from which he bred most of his famous racehorses including Alcide who won the 1958 St. Leger Stakes and the 1959 King George VI and Queen Elizabeth Stakes and Parthia, who",10,1,"1959-07-01,1958-07-01,1926-07-01"
when did Steve Wynn marry Andrea?,2011-01-01,year,"Steve Wynn Ferrari in Newport Beach, California, with cash. Kevyn was found unharmed several hours later. Kevyn and Gillian Wynn are mothers who engage in charity work. On April 30, 2011, Wynn married Andrea Danenza Hissom in a ceremony at the Wynn Las Vegas. She is the mother of model and recording artist Nick Hissom and great-niece of Ben Novack, developer of the Fontainebleau Miami Beach Hotel and cousin of Ben Novack Jr. Steve Wynn suffers from the degenerative eye disease, retinitis pigmentosa, which he was diagnosed with in 1971. In 2010, Wynn switched to a vegan diet after watching the documentary",12,1,"2010-07-01,1971-07-01"
when did Prince Oscar Bernadotte marry Ebba?,1888-03-15,day,"Prince Oscar Bernadotte show their support. They were married on 15 March 1888 in St Stephen's Church at Bournemouth in England by the vicar Gustaf Beskow, who was close to the queen, Sofia of Nassau, in the presence of Oscar's mother, Queen Sophia, two of his brothers (Prince Carl, Duke of Västergötland, and Prince Eugen, Duke of Närke), his cousin the Danish crown princess Louise of Sweden, as well as the mother and brother of Ebba. He and his wife were named with new titles as Prince and Princess Bernadotte as of their wedding day. It has never been determined if that was",1,1,
when did Henry Harford marry Esther?,1806-01-01,year,"Henry Harford Pigou, had been in partnership with Benjamin Booth in the tea trade in New York City and was therefore indirectly involved in events leading up to the Boston Tea Party. The couple had five children: Louisa died in 1803. Three years later, in 1806, Harford married Esther Ryecroft. They too had five children: Henry Harford died in 1835. His estates were left to his oldest surviving son, Frederick Paul Harford. Henry Harford’s claim to Maryland was exploited for years after his death in 1835. The last major case was the United States Supreme Court case Morris v. United States (174",1,1,"1835-07-01,1803-07-01"
"when did Denzil Fortescue, 6th Earl Fortescue marry Marjorie?",1920-06-10,day,"Denzil Fortescue, 6th Earl Fortescue El Alamein in 1942. He became a regular attender and occasional speaker at the House of Lords. He lived at the family seat, Ebrington Manor, where he became a successful fruit farmer. He married, firstly, Marjorie Ellinor Trotter, the granddaughter of John Hamilton, 1st Baron Hamilton of Dalzell, on 10 June 1920 and they were divorced in 1941. They had three children: Fortescue married, secondly, Hon. Sybil Hardinge, daughter of Henry Hardinge, 3rd Viscount Hardinge, on 8 August 1941 - she had divorced her first husband Hugh Douglas-Pennant, 4th Baron Penrhyn earlier in 1941. They had one son: The sixth",28,1,"1941-08-08,1942-07-01,1941-07-01"
when did Wenche Barth Eide marry Asbjørn?,1959-10-10,day,"Wenche Barth Eide Norsk Forskning), several years from around 1980. In the 1990s she became a member of the Norwegian Institute of International Affairs (NUPI) (1995–98), and a member of the International Food Policy Research Institute (IFPRI), Washington D.C. (1996-2003). She has been in the Member Board of Trustees of the International Foundation for Science (IFS), since 2008. Wenche Barth Eide Wenche Barth Eide (born 3 January 1935 in Oslo, Norway) is a Norwegian human rights scholar with base in Law and Social Science Research, daughter of civil engineer Jacob Bøckmann Barth (1898-1974) and Solveig Herstad (1900-1987), married October 10, 1959 to human",4,1,"1935-01-03,2022-07-06,2008-07-01"
"when did Prince Maximilian Joseph in Bavaria marry Princess Ludovika, Duchess in?",1828-09-09,day,"Duke Maximilian Joseph in Bavaria Duke Maximilian Joseph in Bavaria Duke Maximilian Joseph in Bavaria (4 December 1808 – 15 November 1888), known informally as Max in Bayern, was a member of a junior branch of the House of Wittelsbach and a promoter of Bavarian folk-music. He is most famous today as the father of Empress Elisabeth of Austria (Sisi) and great-grandfather of King Leopold III of Belgium. Maximilian Joseph was born at Bamberg, the only son of Duke Pius August in Bavaria (1786–1837) and his wife, Princess Amélie Louise of Arenberg. On 9 September 1828, at Tegernsee, Maximilian Joseph married Princess Ludovika of Bavaria,",50,1,"2022-07-06,1808-12-04"
when did Andrew J. Crevolin marry Dolores?,1966-01-01,year,"Andrew J. Crevolin Sister Kenny Rehabilitation Institute and would become chairman of its Southern California Chapter's fund drive committee for expansion of the Sister Kenny Memorial Hospital in El Monte, California. Andrew Crevolin was the owner of the San Dimas Land & Water Company in San Dimas, California where he owned a home and had substantial land holdings, some of which he would develop for residential housing. In December 1964 he was appointed a member at large for the First Supervisorial District on the Los Angeles Watershed Board. Divorced in February 1962 from his third wife, Jane Anne, on September 24, 1966, Andrew",30,1,"1962-02-01,1964-12-01"
when did Dean Martin marry Jeanne?,1949-01-01,year,"Dean Martin the death of Martin's son Dean Paul Martin more than a decade later, helped bring the two men together. They maintained a quiet friendship, but only performed again once, in 1989, on Martin's 72nd birthday. Martin was married three times. His first wife was Elizabeth Anne Betty McDonald, (July 14, 1922 – July 11, 1989) of Ridley Park, Pennsylvania. Martin and McDonald married in 1941 and had four children: Martin and McDonald divorced in 1949 and Dean gained custody of their children. Betty lived out her life in relative obscurity in San Francisco, California. Martin's second wife was Dorothy Jean",8,1,"1989-07-01,1941-07-01,1922-07-14"
"when did William Hamilton, 11th Duke of Hamilton marry Princess Marie Amelie of?",1843-02-23,day,"William Hamilton, 11th Duke of Hamilton At the Mannheim Palace, on 23 February 1843, he married Princess Marie Amélie of Baden, daughter of the Grand Duke Charles of Baden and Stéphanie de Beauharnais, the adopted daughter of Napoleon I. After his marriage he lived chiefly in Paris and Baden, taking very little interest in British affairs. They had three children: Though he had married in 1843, the duke did not succeed to his title until 1852. In that year, he purchased the house located at 22 Arlington Street in St. James's, a district of the City of Westminster in central London from Henry Somerset, 7th Duke",3,1,"1852-07-01,1843-07-01"
when did Kurt Sutter marry Katey?,2004-10-02,day,"Kurt Sutter on to join the cast of the pilot. On May 22, 2015, the pilot was ordered to series with a 10-episode launch to premiere on September 15, 2015, on FX. The series was cancelled after one season. Sutter is currently developing a 6 issue comic book miniseries with Boom! Studios entitled Lucas Stand. The first issue was released on June 1, 2016. He also worked a comic book called Sisters of Sorrow, the book was launched at the 2016 San Diego Comic-Con. Sutter married actress Katey Sagal in a private ceremony on October 2, 2004, at their home in Los",1,1,"2016-06-01,2015-05-22,2015-09-15,2016-07-01"
when did Whitney Duncan marry Keith?,2014-01-01,year,"Whitney Duncan in November 2011. She became engaged to Keith Tollefson on February 14, 2013. The two had begun a relationship on their season of . In May 2014, Duncan appeared on TLC's Say Yes to the Dress, where she chose a wedding dress for her forthcoming nuptials to Tollefson. The two of them were married in July 2014. She and Tollefson, as an engaged couple, raced together on The Amazing Race 25, where they were the fourth team eliminated on the fifth leg of the race after being U-Turned by the mother/daughter team of Shelley and Nici, finishing in eighth place.",1,1,"2011-11-01,2013-02-14"
when did Andrzej Przemysław Zamoyski marry Princess Maria Carolina of Bourbon-Two?,1885-11-19,day,"Andrzej Przemysław Zamoyski Andrzej Przemysław Zamoyski Count Andrzej Przemysław Konstanty Jan Władysław Zamoyski (July 10, 1852 - June 26, 1927) was a Polish aristocrat and landowner. Zamoyski was born in Warsaw, the son of Count Stanisław Kostka Zamoyski (1820-1889) and Róża Marianna Potocka, and the grandson of Count Stanisław Kostka Zamoyski (the 12th Ordynat of the Zamoyski Family Fee Tail) and of Count Przemysław Potocki. He was the owner of estates in Lubowla and Podzamcze. Andrzej Przemysław married Maria Carolina of Bourbon-Two Sicilies, granddaughter of King Francis I of the Two Sicilies, on November 19, 1885 in Paris and had eight children: He",74,1,
when did Sarah Parkinson marry Paul?,2003-06-01,month,"Sarah Parkinson Sarah Parkinson Sarah Jane Parkinson (6 June 1962 – 23 September 2003) was a British producer and writer of radio and television programmes, as well as an occasional actress. She was a regular performer on Week Ending in the latter years of its run. She was the daughter of actor Robin Parkinson and the wife of comedian and writer Paul Merton. Parkinson was diagnosed with breast cancer in February 2002. She and Merton had an unofficial marriage in the Maldives in October 2000 before marrying at Rye Town Hall, East Sussex, in June 2003. After her death, Merton released the",1,1,"2003-09-23,2002-02-01,2000-10-01,1962-06-06"
when did Googoosh marry Behrouz?,1975-01-01,year,"Googoosh 1967. They had a son, Kambiz, who currently lives in Los Angeles and who is also in the music industry. After about six years of marriage, Ghorbani and Googoosh divorced in late 1972. In 1975, Googoosh married Iranian actor Behrouz Vossoughi. They divorced fourteen months later, in 1976. During their brief marriage they were considered to be the country's biggest celebrity power couple. During the late 1970s, Googoosh became involved with Homayoun Mestaghi. She married him in 1979. Several years later in 1985, Googoosh divorced Mestaghi. She then married director Masoud Kimiai in 1991; they divorced in 2005. In 1980,",1,1,"1985-07-01,1967-07-01,1980-07-01,2016-07-06,1976-07-01,1979-07-01,1991-07-01,2005-07-01"
when did Princess Mathilde of Bavaria marry Prince Ludwig of?,1900-05-01,day,"Princess Mathilde of Bavaria (1877–1906) her mother were not close. Some speculate that she only married as an escape from her home. Various candidates were rumored to be engaged to Princess Mathilde at different times. These included, in 1896, the Prince of Naples, but he married Princess Elena of Montenegro later that year. Others included Archduke Franz Ferdinand of Austria, heir to the Austro-Hungarian throne, and Jaime, Duke of Madrid. On 1 May 1900 in Munich, Mathilde married Prince Ludwig of Saxe-Coburg and Gotha, a son of Prince Ludwig August of Saxe-Coburg and Gotha and his wife Princess Leopoldina of Brazil. He was a captain",29,1,1896-07-01
"when did William Ward, 4th Earl of Dudley marry Stella Carcano y?",1946-01-10,day,"William Ward, 4th Earl of Dudley Earl's youngest brother, the Hon. Peter Alistair Ward. Lord Dudley married firstly Stella Carcano y Morra, daughter of Dr. Don Miguel Angel Carcano, who was the Argentine Ambassador to the UK from 1942 to 1946. They married on 10 January 1946 and had three children: Lord and Lady Dudley divorced in 1960. Lord Dudley remarried in Amersham on 24 August 1961. His second wife was Maureen Swanson the Scottish actress and socialite (25 November 1932 – 16 November 2011). Together they had seven children: William Ward, 4th Earl of Dudley William Humble David Ward, 4th Earl of Dudley (5 January",8,1,"1946-07-01,1932-11-25,1942-07-01,2011-11-16,1961-08-24,1960-07-01"
when did Salka Viertel marry Berthold?,1918-01-01,year,"Salka Viertel 1913 to go to Vienna to work on the New Vienna stage. In Vienna, she met her future husband, author and director Berthold Viertel. The two married in 1918. They raised three sons Hans, Peter and Thomas before being divorced in 1947. In 1920, Salka Viertel went to Hamburg to the Great Theater, later to Düsseldorf. Her husband worked from 1920 in Berlin, where he founded the collective theatre Die Troupe and worked for UFA. In 1928, the family went to Hollywood, where Berthold Viertel received a contract with Fox Film Corporation at FW Murnau's instigation as a director and",6,1,"1928-07-01,1947-07-01,1920-07-01,1913-07-01"
when did Elizabeth Harrison Walker marry James Blaine?,1921-04-06,day,"Elizabeth Harrison Walker Elizabeth Harrison Walker Elizabeth Harrison (February 21, 1897 in Indianapolis, Indiana – December 25, 1955 in New York City) was the third of three surviving children of U.S. President Benjamin Harrison, and the only child of his second wife, Mary Scott Lord Dimmick. Born in Indiana in 1897, she graduated from New York University School of Law in 1919 and was admitted to the bar in Indiana and New York. On April 6, 1921, Elizabeth Harrison married James Blaine Walker (January 20, 1889 – January 15, 1978), a grandnephew of Secretary of State James G. Blaine, a member of her",1,1,"1889-01-20,1955-12-25,1919-07-01,1897-07-01"
when did Thom Yorke marry Rachel?,2003-01-01,year,"Thom Yorke Owen married in a secret ceremony in May 2003 in Oxfordshire. In August 2015, the couple announced they had separated amicably after 23 highly creative and happy years. Owen died of cancer on 18 December 2016, aged 48. Yorke is in a relationship with Italian actress Dajana Roncione. Thom Yorke Thomas Edward Yorke (born 7 October 1968) is an English musician best known as the lead singer and main songwriter of the alternative rock band Radiohead. A multi-instrumentalist, he mainly plays the guitar and piano. He is known for his falsetto vocals; in 2008, Rolling Stone ranked him the 66th",7,1,"1968-10-07,2016-12-18,2048-07-01,2015-08-01,2008-07-01"
when did Elizabeth B. Andrews marry George William?,1936-11-25,day,"Elizabeth B. Andrews Springs for the better pay during the Depression. This is where she met her husband, George William Andrews. They married on November 25, 1936 and had two children, Jane and George, Jr. The marriage lasted more than 35 years until his death of complications from heart surgery on December 25, 1971. When her husband first ran for the 78th Congress, she was heavily involved with his campaign. He was reelected to 14 succeeding Congresses and the couple relocated to Washington, DC where Andrews became involved in the Congressional Club and served as vice president in 1971. After her husband's death",22,1,"1971-12-25,1971-07-01"
when did Joan Dillon marry James Brady?,1953-08-01,day,"Joan Dillon on 1 August 1953 James Brady Moseley (New York City, US 22 May 1931 – Boston, Massachusetts, US 9 April 1998), son of Boston investment banker Frederick S. Moseley, Jr. and his wife, Jane H. Brady. The couple divorced in Washoe County, Nevada, US on 12 December 1955; the marriage was annulled in Rome, Italy on 22 June 1963. They had a daughter, She married secondly on 1 March 1967 Prince Charles of Luxembourg (younger son of Charlotte, Grand Duchess of Luxembourg) at the Catholic Church of St. Edward the Confessor in Sutton Park, Surrey, UK. The marriage was the",1,1,"1998-04-09,1967-03-01,1931-05-22,1955-12-12,1963-06-22"
when did Ashwin Sood marry Sarah?,1997-02-07,day,"Ashwin Sood tour with Lava Hay. She asked him to play drums on I Will Not Forget You on her second album, Solace. He has also played drums and produced songs for Bass is Base, Lava Hay and Mae Moore. On February 7, 1997, Sood and McLachlan were married in Negril, Jamaica. Their first daughter, India Ann Sushil Sood, was born on April 6, 2002; their second daughter Taja was born on June 22, 2007. The family lived in West Vancouver, British Columbia, Canada. In September 2008, the couple separated and later divorced. Ashwin Sood Ashwin Sood (born September 25, 1967 in",52,1,"1967-09-25,2002-04-06,2007-06-22,2008-09-01"
when did Clyde Warrior marry Della?,1962-01-01,year,"Clyde Warrior champion fancy dancer in his teens. Newspapers classed him as a world champion dancer by 1957 and in 1958, he won an award in a state-level high school art competition. Warrior attended Cameron Junior College in Lawton, Oklahoma. He earned the Outstanding Indian Student Award in 1962, and he was elected President of the Southwest Regional Indian Youth Council. Later, he earned a Bachelor's degree from Northeastern State University in 1966. In 1962, Warrior married Della Hopper (Otoe-Missouria). The couple had two daughters. In the spring of 1961, Warrior attended a regional planning meeting at the University of Oklahoma in",3,1,"1966-07-01,1957-07-01,1958-07-01"
"when did Sybil Sassoon marry George Cholmondeley, 5th Marquess of?",1913-08-06,day,"Sybil Cholmondeley, Marchioness of Cholmondeley Baroness Aline Caroline de Rothschild (1865–1909) Married on 6 August 1913 to George Cholmondeley, (courtesy) Earl of Rocksavage, later 5th Marquess of Cholmondeley (19 May 1883 – 16 September 1968); they had two sons and one daughter: The Sybil Sassoon gardens at Houghton were opened to the public in 1996. Lady Sybil's grandson, the current marquess, developed the gardens in honour of his grandmother. In 2008, the garden was named Historic Houses Association and Christie's Garden of the Year. In the pool garden, the entwined initials SS are represented in the outlines of the clipped box-hedge which surrounds plantings of",33,1,"1996-07-01,1883-05-19,1968-09-16,2008-07-01"
when did William Godwin marry Mary?,1797-03-29,day,"William Godwin author, this appears to me to be the book. When Godwin and Wollstonecraft were reintroduced in 1796, their respect for each other soon grew into friendship, sexual attraction, and love. Once Wollstonecraft became pregnant, they decided to marry so that their child would be legitimate. Their marriage revealed the fact that Wollstonecraft had never been married to Imlay, and as a result she and Godwin lost many friends. Godwin received further criticism because he had advocated the abolition of marriage in Political Justice. After their marriage at St Pancras on 29 March 1797, they moved into two adjoining houses in",3,1,1796-07-01
when did Steffi Graf marry Andre?,2001-10-22,day,"Steffi Graf Michael Bartels. She started dating Andre Agassi after the 1999 French Open and they married on 22 October 2001, with only their mothers as witnesses. They have two children: son Jaden Gil (born 2001) and daughter Jaz Elle (born 2003). Agassi has said that he and Graf are not pushing their children toward becoming tennis players. The Graf-Agassi family resides in Summerlin, a community in the Las Vegas Valley. Graf's mother and her brother also live there. In 1991, the Steffi Graf Youth Tennis Center in Leipzig was dedicated. She is the founder and chairperson of Children for Tomorrow, a",2,1,"2003-07-01,1999-07-01,2001-07-01,1991-07-01"
when did Corinne Griffith marry George Preston?,1936-01-01,year,"Corinne Griffith but adopted two girls, Pamela and Cynthia. She married actor and frequent co-star Webster Campbell from 1920 to 1923, producer Walter Morosco from 1924 to 1934, and George Preston Marshall from 1936 to 1958. During her marriage to Marshall, she composed the lyrics to the Redskins fight song Hail to the Redskins which became one of the most famous football anthems. In 1966, within a few days, she married and divorced her fourth husband, Broadway actor Danny Scholl (Call Me Mister). Scholl was 45, more than 25 years Griffith's junior. In court she testified that she was not Corinne Griffith.",15,1,"1958-07-01,1934-07-01,1924-07-01,2045-07-01,1923-07-01,1966-07-01,1920-07-01"
when did Lisa Armstrong marry Anthony?,2006-01-01,year,"Lisa Armstrong (make-up artist) decided to continue on a new label and O'Keefe was replaced by Amanda Perkins, for one single, before they disbanded. She then chose to train as a make-up artist, writing a column for Cosmopolitan magazine before becoming the make-up artist for many British television shows such as The X Factor, Britain's Got Talent and many of Ant & Dec's shows. Armstrong was also the make-up expert on This Morning, giving makeovers and short make-up tutorials. She is now head of make-up and hair for BBC One's Strictly Come Dancing. On 22 July 2006 Armstrong married her longtime boyfriend Anthony McPartlin",3,1,
when did Stan Shaffer marry Louise?,2008-01-01,year,"Stan Shaffer Stan Shaffer Stanley Howard Shaffer (1944–10 June 2010) was a contemporary American fashion photographer. He shot for Vogue, Interview, Bloomingdale's, and Victoria's Secret. Celebrity subjects included David Kennedy, Halston, Mariel Hemingway, and Andy Warhol. Other subjects included actresses and models, such as Carla Bruni, Janice Dickinson, Patti Hansen, Jerry Hall, Uma Thurman, and Rachel Ward and performers such as Louise Robey (whom he married in 2008), Pete Townshend, and John Phillips with Geneviève Waïte. As a filmmaker, his short films won awards internationally. Shaffer was born in Brooklyn, New York, in 1944. He also grew up in rural Illinois. Shaffer",36,1,1944-07-01
when did Geoffrey Midgley marry Mary?,1950-01-01,year,"Geoffrey Midgley Geoffrey Midgley Geoffrey Charles John Midgley (Ilford, Essex, 14 June 1921 – Newcastle, 16 April 1997) was a British philosopher. Midgley had won a classical scholarship to Oxford, but served four years as a radar engineer in the RAF during the Second World War. After the war he completed the PPE course at New College, Oxford and studied under Isaiah Berlin and Gilbert Ryle. Since 1949 he worked at the Department of Philosophy, Newcastle University, as lecturer and senior lecturer (1949-1986), and as head of department (1982-1986). In 1950 he married a fellow philosopher, Mary Scrutton, with whom he raised",73,1,"2018-07-06,1997-04-16,1921-06-14,1949-07-01"
when did Georgina Chapman marry Harvey?,2007-01-01,year,"Georgina Chapman toes to point inward while walking. At the age of 8, she was diagnosed with dyslexia. She is good friends with actor David Oyelowo, whom she has known since she was 18. Chapman started dating film producer Harvey Weinstein in December 2004 after he left his first wife. They married on 15 December 2007 in Connecticut, U.S. The couple divided their time between a West Village townhouse, a seafront home in Westport, Connecticut, and a mansion in Los Angeles. Chapman gave birth to the couple's first child, daughter India Pearl, on 30 August 2010. On 11 April 2013, they had",1,1,"2013-04-11,2018-07-01,2010-08-30,2004-12-01"
when did Sayaka Kanda marry Mitsu?,2017-01-01,year,"Sayaka Kanda Symphony Concert from December 20, 2014 alongside Tibetan Chinese diva Alan Dawa Dolma, and together, they sang a music piece originally performed by Alan titled . On April 26, 2017, Kanda announced on her Instagram account that she will marry actor Mitsu Murata. The couple were officially married on May 13, 2017 in Hawaii. as TRUSTRICK as TRUSTRICK Sayaka Kanda Kanda was born in Setagaya, Tokyo. She is the only child of actor Masaki Kanda and Seiko Matsuda. Her paternal grandmother Teruko Asahi (1924—2001) was a former actress. In 1999, while a student at a Japanese school in Los Angeles,",31,1,"2014-12-20,1999-07-01"
"when did John Dewar, 1st Baron Forteviot marry Johann?",1884-06-24,day,"John Dewar, 1st Baron Forteviot John Dewar, 1st Baron Forteviot John Alexander Dewar, 1st Baron Forteviot (6 June 1856 – 23 November 1929) was a Scottish businessman, elder son of the founder of Dewar's Scotch Whisky and a Liberal Member of Parliament. He is buried with his family in the family plot at Aberdalgie just west of Perth, near the family seat of Dupplin. John Dewar Jr. was the son of John Dewar, Sr. and Jane Gow, and older brother of Thomas Dewar, 1st Baron Dewar. John married Elsie Johann Todd (d. 15 February 1899) on 24 June 1884. They have six children, seven grandchildren,",33,1,"1856-06-06,1929-11-01"
when did Doutzen Kroes marry Sunnery James?,2010-01-01,year,"Doutzen Kroes is actively involved with the non-profit organization Dance4Life, which uses song and dance to educate youth about HIV and AIDS prevention. She is also an ambassador for Praat mar Frysk (Just speak Frisian) campaign which aims to promote the Frisian language, which is spoken in Kroes' native Friesland. In 2009 Kroes started dating Dutch DJ Sunnery James. On 15 July 2010, Kroes announced that she was pregnant with her first child by fiancé Sunnery James. On 7 November 2010, she and Sunnery James married in Eastermar. On 21 January 2011, Kroes gave birth to her first child, son Phyllon Joy",85,1,"2011-01-21,2009-07-01"
"when did Mary Eccles, Viscountess Eccles marry Donald F.?",1939-01-01,year,"Mary Eccles, Viscountess Eccles in 1992. Eccles was born Mary Morley Crapo in Detroit, Michigan, United States in 1912. She attended Vassar College in New York State where she became friends with novelist Mary McCarthy. She later attended Columbia University where she undertook her PhD in English literature. The dissertation from her doctorate was later developed into a book, entitled Playwriting for Elizabethans. In 1939 she married Donald Hyde, a New York City lawyer. The couple bought Samuel Johnson's silver teapot in 1941 and threw a tea party in its honour. Over the next 25 years, they became avid collectors of Johnson's belongings, including",16,1,"1992-07-01,1941-07-01,1912-07-01"
when did Carol Wayne marry Burt?,1975-01-01,year,"Carol Wayne Heartbreakers. In January 1984, Wayne appeared on The Tonight Show Starring Johnny Carson  exactly one year prior to her death. In February 1984, Wayne appeared nude in a pictorial for Playboy magazine. That same year she filed for bankruptcy. Wayne was married three times. Her first husband was Loreto (Larry) Cera. In 1969, Wayne married her second husband, rock-music photographer Barry Feinstein, with whom she had a son, Alex Feinstein (b. 1970). The couple divorced in 1974. A year later, in 1975, she married her third and final husband, television and film producer Burt Sugarman, who served as producer",2,1,"1969-07-01,1984-01-01,1974-07-01,1970-07-01,1984-02-01"
when did Ava Gardner marry Mickey?,1942-01-10,day,"Ava Gardner Knots Landing (both 1985). Soon after Gardner arrived in Los Angeles, she met fellow MGM contract player Mickey Rooney; they married on January 10, 1942. The ceremony was held in the remote town of Ballard, California, because MGM studio head Louis B. Mayer was worried that fans would desert Rooney's Andy Hardy movie series if it became known that their star was married. Largely due to Rooney's serial adultery, Gardner divorced him in 1943, but agreed not to reveal the cause so as not to affect his career. Gardner's second marriage was brief as well, to jazz musician and bandleader",2,1,"1943-07-01,1985-07-01"
when did Louise Cox marry Kenyon?,1892-01-01,year,"Louise Cox (painter) Manhattan. In 1872, Anna King had sued her husband for divorce, citing cruel and inhumane treatment. James C. King was convicted for a murder related to that suit in November 1872. In 1880, when she was 14, Louise attended small school of Lucy McGuire in Dover, New Jersey with her older sister Coursen (16) and younger sister Mary (13). When she first attended art school she lived with her mother and sister Pauline. On June 30, 1892, she wed her former teacher Kenyon Cox in Belmont, Massachusetts, at the home of her aunt, Mrs. B.M. Jones. Kenyon, who had thought",7,1,"1880-07-01,2014-07-01,1872-11-01,1872-07-01,2016-07-01"
when did Iain Cuthbertson marry Anne?,1964-01-01,year,"Iain Cuthbertson he appeared as Charles Waterbury in The Railway Children (1970). Cuthbertson's first marriage, to Anne Kristen in 1964, was dissolved in 1988. He is survived by his second wife, Janet Smith. From 1975 to 1978, he served as Rector of the University of Aberdeen. He listed his hobbies as sailing and fishing, and, after retiring, he lived in Dalrymple, Ayrshire. He suffered a severe stroke in 1982, which caused paralysis down one side of his body and speech loss. It took him almost two years to recover sufficiently to be able to act again. Although he avoided live theatre work",88,1,"1970-07-01,1988-07-01,1982-07-01"
when did Jim Webb marry Hong Le?,2006-01-01,year,"Jim Webb Doctor and received the Horan Award for excellence in legal writing. Webb is married to Hong Le Webb, a Vietnamese-American securities and corporate lawyer. Hong Le was born in South Vietnam and came to the United States when she was seven, after the fall of Saigon. She grew up in New Orleans, Louisiana. They married in October 2005. Webb was married twice previously, and has four grown children. Hong Le and Jim Webb have one child together, Georgia LeAnh, born December 2006. Webb is also a stepfather to Hong Le's daughter from a previous marriage. Jim Webb speaks Vietnamese. His",1,1,2005-10-01
when did Marie Fox marry Prince Aloys Franz de Paula?,1872-06-27,day,"Marie Fox Earl of Rosebery, but refused to marry him as she was unwilling to renounce Roman Catholicism. In the winter of 1871, which she spent with her adoptive mother in Naples, she was courted by Prince Louis of Liechtenstein, a first cousin of Johann II, Prince of Liechtenstein. Their engagement was announced in the spring. The marriage ceremony took place in Kensington pro-cathedral, London, on 27 June 1872 and was performed by Henry Edward Manning, Cardinal-Archbishop of Westminster. Among the guests were the Prince and Princess of Wales. The Princely House of Liechtenstein initially refused to approve the marriage on the",11,1,
when did Barbara Kwiatkowska-Lass marry Roman?,1959-01-01,year,"Barbara Kwiatkowska-Lass like La millième fenêtre (with Jean-Louis Trintignant) and Che gioia vivere (with Alain Delon). She played roles in several Italian, French and German films such as Krzysztof Zanussi's Blaubart (1983) and in  (1981). She married film director Roman Polanski in 1959; they divorced in 1962. The following year she met Karlheinz Böhm on the set of the movie  (Rififi à Tokyo, 1963) in Tokyo; the couple later married, their daughter is actress Katharina Böhm. Kwiatkowska-Lass divorced Böhm in 1980, and married Polish jazz musician Leszek Żądło, with whom she lived until her death. Kwiatkowska was opposed to the",9,1,"1962-07-01,1980-07-01,1983-07-01,1981-07-01,1963-07-01"
when did Prescott Bush marry Dorothy Walker?,1921-08-06,day,"Prescott Bush Lodge. Another of Senator Bush's major legislative interests was flood and hurricane protection. He drafted Public Law 71, the Bush Hurricane Survey Act, enabling U.S. Army engineers to develop a new program of community protection against tidal flooding. Prescott Bush married Dorothy Walker (1901-1992) on August 6, 1921, in Kennebunkport, Maine. They had five children: George Nancy Jonathan and William Bucky Bush founded the Yale Glee Club Associates, an alumni group, in 1937. As was his father-in-law, he was a member of the United States Golf Association, serving successively as secretary, vice-president and president, 1928–1935. He was a multi-year club",11,1,1937-07-01
when did Prince Hermann of Saxe-Weimar-Eisenach marry Suzanne Aagot?,1918-08-04,day,"Prince Hermann of Saxe-Weimar-Eisenach (1886–1964) 1909 in London. They visited the United States on several occasions. They were divorced two years later, on 22 June 1911 after Wanda grew tired of supporting him with her earnings and divorced him on the grounds of financial non-support, cruelty, and infidelity. Wanda later gained notoriety for having a short-lived affair with Constantine I of Greece in 1912. On 4 August 1918, Hermann married secondly to Suzanne Aagot Midling at Heidelberg. They had one surviving child before her death on 16 October 1931: On 16 November 1932, Hermann's engagement with Isabel Neilson, daughter of former British MP and prominent",35,1,"1911-06-22,1909-07-01,1932-11-16,1931-10-16,1912-07-01"
when did Agnata Butler marry Montagu?,1888-01-01,year,"Agnata Butler Agnata Butler Agnata Frances Butler (née Ramsay; 1867–1931) was a British classical scholar. She was among the first generation of women to take the Classical Tripos examinations at the University of Cambridge, and was the only person to be placed in the top division of the first class at the end of her third year, in 1887. She married the Master of Trinity College, Montagu Butler, in August 1888, becoming the leading hostess in Cambridge. She published a version of Book VII of Herodotus' Histories in 1891. She was born Agnata Ramsay in London on 28 January 1867, the daughter",32,1,"1891-07-01,1887-07-01,1867-01-28"
when did Victoria Woodhull marry James?,1866-01-01,year,"Victoria Woodhull kept his surname. About 1866, Woodhull married Colonel James Harvey Blood, who also was marrying for a second time. He had served in the Union Army in Missouri during the American Civil War, and had been elected as city auditor of St. Louis, Missouri. Woodhull's support of free love likely started after she discovered the infidelity of her first husband, Canning. Women who married in the United States during the 19th century were bound into the unions, even if loveless, with few options to escape. Divorce was limited by law and considered socially scandalous. Women who divorced were stigmatized and",64,1,
when did Sarah Troughton marry Peter?,1977-01-01,year,"Sarah Troughton the Queen Mother, so that she is a first cousin twice removed of the present Earl of Strathmore and also a first cousin once removed of Elizabeth II. Her ancestor Jeremiah Colman (1777–1851) made a fortune from Colman's mustard, a business which eventually grew into Reckitt & Colman, of which her father was a director until 1989. In 1977 she married Peter John Charles Troughton (born 1948), a member of the Diplomatic Service and the eldest son of Sir Charles Hugh Willis Troughton, chairman of W H Smith. They have a son and two daughters. From 1990 to 2000 Troughton",1,1,"1948-07-01,1989-07-01"
when did Altiero Spinelli marry Ursula?,1945-01-01,year,"Altiero Spinelli Mitterrand who, following a meeting with Spinelli, came to the European Parliament to speak in favour of its approach, thereby reversing France's policy (since Charles De Gaulle) of hostility to anything but an intergovernmental approach to Europe. This momentum was enough to obtain the support of a majority of national governments to trigger the treaty revision procedure. He married Ursula Hirschmann, a German anti-fascist activist and fellow advocate of European federalism in 1945 and they had three daughters: Diana Spinelli, Barbara Spinelli and Sara Spinelli. Ursula had already other three daughters (Silvia, Renata and Eva) from her first husband Eugenio",1,1,
when did Robertson Gladstone marry Mary Ellen?,1836-01-28,day,"Robertson Gladstone of Liverpool under the age of forty, and as he got older his politics moved to the left, as with his youngest brother William. Robertson was a large, slightly depressive man-mountain of 20 stones. He had a large family of children who were all spinsters and bachelors, and his home life was entirely dependent on his wife's talent for housekeeping. Her death in 1865 left him bereft. Gladstone became engaged at age 30 to Mary Ellen Jones (d. 23 September 1865), daughter of a notable local banker, Hugh Jones. They married on 28 January 1836 in St George's Church, Liverpool.",3,1,1865-07-01
when did Priscilla Ahn marry Michael?,2010-05-01,month,"Priscilla Ahn some new sounds to play with, and a care-free, 'this is just an experiment' attitude to begin writing again. This Is Where We Are was released in the US on 15 February 2014. It was released in Japan on 19 July 2013 and later in Korea and Taiwan. Ahn's music is described as grounded in folk, country and pop. Ahn explored electropop music in the album This Is Where We Are. Ahn married actor Michael Weston in May 2010. Credits of Priscilla Ahn as a vocalist and/or songwriter Credits of Priscilla Ahn as a vocalist and/or songwriter Priscilla Ahn Priscilla",1,1,"2014-02-15,2013-07-19"
when did Roger Moore marry Doorn Van?,1946-01-01,year,"Roger Moore cartoon The Fly Who Loved Me. Moore was involved in the production of a video for PETA that protests against the production and wholesale of foie gras. Moore narrates the video. His assistance in this situation, and being a strong spokesman against foie gras, led to the department store Selfridges agreeing to remove foie gras from their shelves. In 1946, aged 18, Moore married a fellow RADA student, the actress and ice skater Doorn Van Steyn (born Lucy Woodard), who was six years his senior; Moore and Van Steyn lived in Streatham with her family, but tension over money matters",20,1,2016-07-06
when did Matteo Salvini marry Fabrizia?,2003-01-01,year,"Matteo Salvini chief strategist, Steve Bannon. In 2001 Matteo Salvini married Fabrizia Ieluzzi, a journalist who worked for a private radio station, by whom he had one child Federico in 2003. After his divorce he had a daughter, Mirta, by his domestic partner Giulia Martinelli in 2012. He later became engaged to Elisa Isoardi, a popular TV host. After a relationship of nearly 3 years, Isoardi announced their split in November 2018 via an Instagram post. Salvini is an avid supporter of A.C. Milan. Matteo Salvini Matteo Salvini (; born 9 March 1973) is an Italian politician serving as Deputy Prime Minister",39,1,"2018-11-01,2001-07-01,2012-07-01,1973-03-09"
when did Don Johnson marry Kelley?,1999-04-29,day,"Don Johnson description of the couple's life in the 1980s said, Johnson next had a relationship with Barbra Streisand, lasting into at least September 1988. In 1995–1996 Johnson was briefly engaged to Jodi Lyn O'Keefe who played his daughter on Nash Bridges. On April 29, 1999, he married San Francisco socialite and Montessori nursery school teacher Kelley Phleger, then 30, at the Pacific Heights mansion of Ann and Gordon Getty. Actor Robert Wagner served as best man, and Mayor Willie Brown presided over the civil ceremony. Johnson and Phleger have three children together: a daughter, Atherton Grace Johnson (born December 28, 1999),",1,1,"2030-07-01,2022-07-06,1999-12-28"
when did Frederick VIII of Denmark marry Louise of?,1869-07-28,day,"Frederick VIII of Denmark countries as a symbol of the new Scandinavism. Crown Prince Frederick and Louise of Sweden married at the Royal Palace in Stockholm on 28 July 1869. The couple resided at Amalienborg Palace in Copenhagen, spending the summers at Charlottenlund Palace north of the city. They had four sons and four daughters. The marriage was not a happy one, nor did it have any effect on the relationship between the two countries. Frederick became king of Denmark as Frederick VIII on Christian IX's death on 29 January 1906. He was 62 years old at the time and had been Crown Prince",1,1,1906-01-29
when did Bert Lytell marry Claire?,1925-01-01,year,"Bert Lytell Bert Lytell Bert Lytell (February 24, 1885 – September 28, 1954), born Bertram Lyttel, was a popular screen star of the silent film era who starred in romantic, melodrama and adventure films. On stage he was with Marie Dressler in her 1914 Broadway play, A MIX-UP. He also had success in vaudeville in the 1920s with the one-act play The Valiant. Lytell was born in New York City. His younger brother Wilfred Lytell (1891–1954) would also become a popular stage and screen actor. Bert Lytell married the silent film actress Claire Windsor in 1925; they divorced in 1927. Like many",5,1,"1885-02-24,1954-07-01,2022-07-06,1914-07-01,1927-07-01"
when did Mary-Kate Olsen marry Olivier?,2015-01-01,year,"Mary-Kate Olsen Katzenberg (son of DreamWorks cofounder Jeffrey Katzenberg), photographer Maxwell Snow and artist Nate Lowman. In May 2012, Olsen began a relationship with Olivier Sarkozy, half brother of former French President Nicolas Sarkozy. In March 2014, photos were published showing Olsen wearing what appeared to be an engagement ring. Olsen and Sarkozy were married on November 27, 2015, at a private residence in New York City. In mid-2004, Olsen announced she had entered treatment for anorexia nervosa. A Got Milk? advertisement featuring the twins was pulled following the announcement. On November 20, 2007, she was hospitalized for a reported kidney infection.",1,1,"2012-05-01,2007-11-20,2014-03-01"
